sl no,problem,pattern,one liner
,,,,
TWO POINTERS
1,https://leetcode.com/problems/two-sum/description/,Two pointer, start and end 2 pointer if sum of these = return index if sum > target move end to left else start to right
,,Hash map,keep the value
2,https://leetcode.com/problems/remove-duplicates-from-sorted-array/description/,Two pointer, start = 0 next = start + 1 if element at  start == next element move next until it is different and once it is different move next element to start + 1 position and continue until next < len
,,HashSet, create a empty hashset and set unique index = 0 while looping on input to add it to the set if element added replace the input[unique] = element and increment the unique at the end u will have ur result
3,https://leetcode.com/problems/move-zeroes/description/,Two pointer,keep nonZeroElementIndex which start at 0 and also a iterator which goes through all elements when iterator find any non zero element swap that with nonZeroElementIndex and move the index by 1 and continue
,,Two pointer,here we have 2 pointer 1 for zero index and another for non-zeo index if u find any place that non zero element at nonZeroIndex and move by 1
4,https://leetcode.com/problems/container-with-most-water/description/,Two pointer, left = 0 right = len - 1 while left < right find area if area > maxArea replace it, move the pointer from that side which has less in height
5,https://leetcode.com/problems/3sum/,Two pointer, sort the array, keep a iterator for 0 to len-2 as we need 3 num to get 0 sum, for given iterator i find possible j and k if duplicate where sum = 0 discard via set if sum = 0 u can move either j++ or k--
,,Two pointer,optimized way: inside  for check if the i > 0 and i and i-1 element same just skip that iteration as we had that pair already, when sum = 0 and moving j and k check j and j+1 are equal if yes move till they are not same and j < len-1, and k > j and k , k-1 are equal move till no equal
6,https://leetcode.com/problems/valid-triangle-number/description/,Two pointer," sort and start from end where we have large element we know a > b > c, so a+b>c and a+c>b always true and b+c > a we need to check if this is the case count all pair b/w b and c and this is wrt b so once it is done decrease b if b+c<=a then increment c"
7,https://leetcode.com/problems/sort-colors/description/,Normal login,"count the 0,1 then update the same array from starting till count of the 0,1 for that many times, and rest with 2's",,,
,,Two pointer,"Similar to move zero's use the same login call it twice first time to move all 0's to front and next time all 1's to after 0's index and for 2's it is already done as we have only 0,1,2 as input",,,
8,https://leetcode.com/problems/trapping-rain-water/,Prefix Suffix Max, cal the prefix and suffix max for each location then for each position find the water level if it > height[position] add it (Math.min(leftMax[i], rightMax[i])) - height[i])
,,Two pointer, set left = 0 right = len - 1 and leftMax = height[left] rightMax=height[right] now check if leftMax < rightMax move left++ and find max(height[left], leftMax) - height[left] else right++ max(height[right], rightMax) - height[i] add this value to total
,,,,
SLIDING WIINDOW
FIXED
9,https://www.hellointerview.com/learn/code/sliding-window/maximum-sum-of-subarrays-of-size-k,Sliding window, start from 0 till len - k + 1 cal the sum of k elements if it > maxSum replace it
,,Sliding window,optimized instead of cal the sum for each iteration cal the sum of k elements at once and subtract the element which is moving out of the window and add the one getting included and do the compare with maxSum
10,https://leetcode.com/problems/maximum-points-you-can-obtain-from-cards/description/,Sliding window, cal right subwindow sum, if len = k return it else start removing 1 element from the sum from right window start and add a new element from the left element and cal the sum if it is max replace the max
11,https://leetcode.com/problems/maximum-sum-of-distinct-subarrays-with-length-k/submissions/2100461522/,Sliding window with map, create a frequency map add element to the map along with count and add it to the sum, once u reach the window of k == end - start + 1  then check map.len == k if yes all r distinct so update the max; then decrement the count of satrt of the window element by 1 and from sum subtract it and check if count == 0 if yes remove from the map to find the next window and increment the start
,,Sliding window with set,create a window set with k+1 elements iterate over array i =0 startOfWindow = 0 and sum = 0 maxSum = 0 if ith element present in window remove elements from start till no duplicate then add this element to window and update the startOfWindow and sum also for remove elements subtract for ith element add if ith element not present in the window just add to window and sum now if the window size = k update maxSum else if window size k + 1 then remove the window start element from window and sum then update maxSum
,,,,
DYNAMIC
12,https://leetcode.com/problems/fruit-into-baskets/description/,Dynamic sliding window, set start=0 maxSum=0 map for types of fruit freq for each fruit update freq if the map.size >2 reduce count of fruit from start and remove from map if count = 0 till kind =2 update start accordingly and check for the max update on each fruit update of the map
13,https://leetcode.com/problems/longest-substring-without-repeating-characters/,Dynamic sliding window,set start=0 maxLength=0 and a char freq map; for each char add it to the map incrementing its count; if any char freq > 1 shrink window from start: decrement start char count and remove from map if count=0 then move start++ repeat till no duplicate; update maxLength = max(maxLength i - start + 1)
,,Dynamic sliding window optimized,instead of freq map store char->index map; for each char if it already exists in map jump start = max(start, map.get(char) + 1) to skip past the duplicate in one shot; update map with current index; update maxLength = max(maxLength, i - start + 1)
14,https://leetcode.com/problems/longest-repeating-character-replacement/description/,Dynamic sliding window,set start=0 maxFreq=0 and char freq map; for each end add current char and update maxFreq; if windowSize - maxFreq > k (because we can replace at most k elements) shrink once from start by decrementing/removing its freq and move start++; update maxLength = max(maxLength, end - start + 1)
